{"id":1,"year":2020,"month":4,"plants":[{"position":{"x":497.89837646484377,"y":11.205615997314454,"z":511.4229736328125},"plantType":0,"grown":true,"growthPercent":1.0,"withering":false}]}