{"id":1,"year":2021,"month":4,"plants":[{"position":{"x":488.6780700683594,"y":-1.7134590148925782,"z":470.32391357421877},"plantType":0,"stage":2,"grown":true,"growthPercent":1.0,"withering":false},{"position":{"x":488.68853759765627,"y":-1.6727690696716309,"z":472.048095703125},"plantType":0,"stage":2,"grown":true,"growthPercent":1.0,"withering":false},{"position":{"x":489.4512023925781,"y":-1.7368173599243165,"z":470.8460693359375},"plantType":0,"stage":2,"grown":true,"growthPercent":1.0,"withering":false},{"position":{"x":489.65948486328127,"y":-1.7234816551208497,"z":471.81536865234377},"plantType":0,"stage":1,"grown":false,"growthPercent":0.0,"withering":false}]}