{"id":1,"year":2020,"month":6,"plants":[{"position":{"x":497.75933837890627,"y":11.095051765441895,"z":510.1003112792969},"plantType":0,"grown":true,"growthPercent":1.0,"withering":false},{"position":{"x":498.74664306640627,"y":11.029001235961914,"z":509.3134765625},"plantType":1,"grown":false,"growthPercent":1.0,"withering":false},{"position":{"x":498.3662109375,"y":11.136421203613282,"z":510.3791809082031},"plantType":2,"grown":false,"growthPercent":1.0,"withering":false},{"position":{"x":499.28375244140627,"y":11.156431198120118,"z":510.3192443847656},"plantType":3,"grown":false,"growthPercent":0.0,"withering":false}]}