{"id":1,"year":2170,"month":6,"plants":[{"position":{"x":488.8571472167969,"y":-1.706110954284668,"z":470.8700256347656},"plantType":0,"stage":2,"grown":true,"growthPercent":1.0,"withering":false},{"position":{"x":488.2445373535156,"y":-1.6943223476409913,"z":470.2322998046875},"plantType":0,"stage":2,"grown":true,"growthPercent":1.0,"withering":false},{"position":{"x":487.934814453125,"y":-1.7046740055084229,"z":469.3663024902344},"plantType":0,"stage":2,"grown":true,"growthPercent":1.0,"withering":false},{"position":{"x":487.3058776855469,"y":-1.686502456665039,"z":468.9138488769531},"plantType":0,"stage":2,"grown":true,"growthPercent":1.0,"withering":false}]}