{"id":1,"year":2020,"month":4,"plants":[{"position":{"x":499.3257751464844,"y":11.041056632995606,"z":509.2820129394531},"plantType":0,"grown":true,"growthPercent":1.0,"withering":false},{"position":{"x":497.901123046875,"y":11.068367004394532,"z":509.8417053222656},"plantType":0,"grown":true,"growthPercent":1.0,"withering":false},{"position":{"x":498.5574035644531,"y":11.130411148071289,"z":510.2367858886719},"plantType":0,"grown":true,"growthPercent":1.0,"withering":false}]}