{"id":1,"year":2020,"month":4,"plants":[{"position":{"x":489.3415222167969,"y":3.2150087356567385,"z":469.05615234375},"plantType":0,"grown":false,"growthPercent":0.0,"withering":false}]}