{"id":1,"year":2020,"month":5,"plants":[{"position":{"x":489.1824645996094,"y":3.3034474849700929,"z":472.10882568359377},"plantType":0,"grown":true,"growthPercent":1.0,"withering":false}]}