{"id":2,"year":2020,"month":6,"plants":[{"position":{"x":487.3999328613281,"y":3.358630657196045,"z":470.576171875},"plantType":0,"grown":true,"growthPercent":1.0,"withering":false},{"position":{"x":487.9841003417969,"y":3.328336000442505,"z":470.54931640625},"plantType":0,"grown":true,"growthPercent":1.0,"withering":false},{"position":{"x":487.56256103515627,"y":3.3447890281677248,"z":470.38848876953127},"plantType":1,"grown":false,"growthPercent":1.0,"withering":false},{"position":{"x":488.3856506347656,"y":3.298834800720215,"z":470.24163818359377},"plantType":1,"grown":false,"growthPercent":0.0,"withering":true}]}