{"id":1,"year":2170,"month":6,"plants":[{"position":{"x":487.3399658203125,"y":-1.6199071407318116,"z":471.1905212402344},"plantType":0,"stage":1,"grown":false,"growthPercent":0.5,"withering":false},{"position":{"x":485.8150634765625,"y":-1.6945257186889649,"z":466.13848876953127},"plantType":0,"stage":1,"grown":false,"growthPercent":0.5,"withering":false}]}