{"id":1,"year":2170,"month":8,"plants":[{"position":{"x":487.19610595703127,"y":-1.6151204109191895,"z":471.1080322265625},"plantType":0,"stage":2,"grown":true,"growthPercent":1.0,"withering":false},{"position":{"x":486.6898193359375,"y":-1.595674991607666,"z":470.90435791015627},"plantType":0,"stage":1,"grown":false,"growthPercent":0.0,"withering":false},{"position":{"x":486.9693603515625,"y":-1.6150321960449219,"z":470.7295227050781},"plantType":0,"stage":1,"grown":false,"growthPercent":0.0,"withering":false}]}