{"id":1,"year":2020,"month":5,"plants":[{"position":{"x":487.78924560546877,"y":3.3372113704681398,"z":470.51727294921877},"plantType":0,"grown":true,"growthPercent":1.0,"withering":false},{"position":{"x":487.63555908203127,"y":3.35125994682312,"z":470.7269287109375},"plantType":0,"grown":true,"growthPercent":1.0,"withering":false}]}