{"id":1,"year":2170,"month":6,"plants":[{"position":{"x":485.5274353027344,"y":-1.6019885540008546,"z":468.738525390625},"plantType":0,"stage":1,"grown":false,"growthPercent":0.5,"withering":false},{"position":{"x":485.7829895019531,"y":-1.625871181488037,"z":468.3725280761719},"plantType":0,"stage":1,"grown":false,"growthPercent":0.5,"withering":false},{"position":{"x":490.7135925292969,"y":-1.818460464477539,"z":470.2489013671875},"plantType":0,"stage":1,"grown":false,"growthPercent":0.5,"withering":false},{"position":{"x":491.8567199707031,"y":-1.8238961696624756,"z":472.56353759765627},"plantType":0,"stage":1,"grown":false,"growthPercent":0.5,"withering":false}]}